SNP,effect allele,other allele,beta,eaf,chr,pos,se,pval,samplesize
rs10187826,G,A,0.021898469,0.323,2,207212212,0.0031,1.87E-12,2000702
rs1025145,G,A,0.022103899,0.333,15,47393109,0.003,1.46E-13,1968222
rs10282032,T,C,0.015804449,0.443,7,117988501,0.0028,3.05E-08,1968222
rs10401087,G,A,0.018802127,0.469,18,33740752,0.0028,1.32E-11,2000702
rs10503496,T,C,-0.022296735,0.271,8,14391691,0.0031,1.15E-12,2000702
rs10756218,C,T,-0.024302939,0.392,9,11274206,0.0031,1.94E-15,1968222
rs10789340,A,G,-0.024897384,0.357,1,72474590,0.003,3.25E-17,1968222
rs10848631,A,G,0.017702384,0.383,12,2205659,0.0029,5.15E-10,2000702
rs10891491,T,C,0.02489747,0.115,11,113027494,0.0044,1.39E-08,1961445
rs10950392,C,T,0.025004759,0.411,7,12223912,0.0028,7.37E-19,2000702
rs11072674,G,A,-0.018897437,0.421,15,77789316,0.0029,1.38E-10,2000702
rs11246137,G,C,-0.027895486,0.103,11,371325,0.0049,9.04E-09,1834699
rs112535944,A,C,0.036302999,0.126,9,137383754,0.0044,2.87E-16,1990221
rs11257952,C,A,0.017898855,0.438,10,12714714,0.0029,1.17E-09,2000702
rs11599236,C,T,-0.024395157,0.413,10,104694914,0.003,4.93E-16,1968222
rs11605085,T,C,0.043595744,0.0484,11,47809861,0.0066,5.61E-11,2000702
rs116310555,C,T,0.029801491,0.124,3,71765280,0.0043,3.31E-12,2000702
rs11639885,A,G,-0.030201509,0.0793,16,77085646,0.0052,5.83E-09,2000702
rs11682175,C,T,0.02180063,0.463,2,57760458,0.0028,3.14E-15,2000702
rs117723312,G,C,0.066901352,0.0189,9,106142115,0.011,1.04E-09,2000702
rs11775589,C,A,0.032999478,0.0632,8,87261218,0.0057,8.07E-09,2000702
rs11877758,G,T,0.023804413,0.308,18,37558147,0.0032,1.93E-13,1968222
rs11903494,T,G,-0.027597327,0.204,2,156289029,0.0035,2.26E-15,1968222
rs12116805,A,T,-0.020600746,0.274,1,214250454,0.0031,4.67E-11,2000702
rs12116935,G,A,-0.015702644,0.386,1,36323945,0.0028,3.08E-08,2000702
rs12135327,C,T,-0.016902038,0.471,1,51832289,0.0028,1.35E-09,2000702
rs12405631,T,G,-0.017095295,0.396,1,87480694,0.003,9.48E-09,2000702
rs12498839,A,G,0.035801412,0.0615,4,175810250,0.0058,4.95E-10,2000702
rs12517438,T,G,-0.023196982,0.465,5,30841947,0.0028,9.97E-17,2000702
rs12520974,T,C,-0.024098039,0.481,5,62218784,0.0028,9.39E-18,1968222
rs12538281,A,G,0.017397777,0.292,7,8655296,0.0031,1.67E-08,2000702
rs1256044,G,A,-0.015702644,0.444,14,64267309,0.0028,1.66E-08,2000702
rs12579868,T,C,0.01820331,0.468,12,120769344,0.0028,6.97E-11,2000702
rs12582031,C,T,-0.019203207,0.235,12,60665300,0.0033,4.59E-09,2000702
rs12630,C,T,-0.015804232,0.482,3,193695713,0.0028,1.29E-08,2000702
rs1267079,C,T,-0.019203207,0.303,2,161177343,0.003,1.74E-10,2000702
rs12700541,A,G,-0.022398995,0.172,7,24673672,0.004,2.06E-08,1968222
rs12778915,G,A,-0.017003748,0.315,10,75857799,0.003,1.66E-08,2000702
rs12805841,A,G,0.02180063,0.333,11,57676370,0.0029,1.12E-13,2000702
rs1285248,G,A,-0.02499991,0.151,17,79836645,0.0041,6.69E-10,1968222
rs12958048,A,G,0.026203665,0.322,18,55434367,0.003,1.76E-18,2000702
rs13043475,G,A,-0.023903424,0.179,20,52593064,0.0037,7.08E-11,1968222
rs13056300,C,T,0.026203665,0.27,22,41012750,0.0032,1.96E-16,1968222
rs1311911,T,G,-0.045101974,0.0942,6,28737297,0.0055,1.40E-16,1907252
rs13134858,A,G,0.027799975,0.144,4,114601150,0.0042,2.37E-11,2000702
rs1333596,A,G,-0.01640381,0.468,9,31264337,0.0028,3.10E-09,2000702
rs13336147,C,T,-0.017400515,0.267,16,72951439,0.0032,4.42E-08,2000702
rs13402675,C,T,0.015499263,0.437,2,137582054,0.0028,3.10E-08,2000702
rs13436693,C,A,0.026797712,0.106,5,167743948,0.0045,2.71E-09,2000702
rs1345248,T,C,-0.018001051,0.346,7,111675899,0.0032,1.33E-08,1658284
rs1355619,G,A,0.020096702,0.344,9,95507889,0.0031,8.54E-11,1968222
rs13621,C,T,-0.018204705,0.463,3,52524117,0.0028,5.17E-11,2000702
rs1373285,A,G,0.025102285,0.339,13,53473943,0.0031,8.62E-16,2000702
rs140427260,C,T,0.03829721,0.0433,6,28447824,0.0068,1.98E-08,2000702
rs1429428,C,T,0.022700386,0.306,2,184957976,0.003,5.91E-14,2000702
rs144727871,A,G,0.045604142,0.0327,5,52398145,0.0079,9.20E-09,2000297
rs145678014,T,G,-0.054604032,0.0395,11,32906232,0.0073,8.89E-14,2000702
rs1484145,T,C,0.023403978,0.476,4,79296587,0.0029,1.16E-15,2000702
rs1527737,A,G,-0.017695649,0.482,7,115455189,0.003,2.92E-09,1979015
rs1540673,G,A,-0.018601948,0.387,16,17797603,0.0031,1.40E-09,1968222
rs1544689,C,T,0.017397777,0.44,2,51009221,0.0029,1.37E-09,1841359
rs1562518,T,C,0.016798118,0.381,3,2281019,0.003,3.39E-08,1968222
rs16958292,G,T,-0.024897384,0.136,15,73805560,0.0043,5.61E-09,2000702
rs17183201,G,T,0.03829721,0.0735,14,74821994,0.0054,1.04E-12,2000702
rs17219976,A,G,0.025901638,0.152,16,6278921,0.0041,2.16E-10,2000702
rs1724728,G,A,-0.018703831,0.418,3,158181374,0.0028,2.15E-11,2000702
rs17255455,A,C,-0.018703831,0.429,2,174374457,0.0028,4.28E-11,1968222
rs17488531,A,G,0.026602982,0.459,18,53228626,0.0028,1.70E-21,2000702
rs17621391,C,T,-0.018500076,0.275,7,140476796,0.0032,9.00E-09,1968222
rs17651741,A,G,0.022895877,0.193,15,38577465,0.0035,5.61E-11,2000702
rs1937787,C,T,0.019704583,0.279,1,80373593,0.0031,2.80E-10,2000702
rs1950829,A,G,0.021702782,0.5,14,41628734,0.0028,5.76E-15,2000702
rs1964654,T,G,0.019998687,0.485,1,197853000,0.0031,9.38E-11,1873928
rs2111530,G,A,0.017496048,0.408,19,31400100,0.003,3.38E-09,2000702
rs2339515,T,G,0.023599332,0.382,2,22341421,0.0029,1.66E-16,2000702
rs2357928,G,A,-0.015499499,0.465,10,18260712,0.0028,2.05E-08,2000702
rs2369818,T,C,0.020302502,0.433,16,21602688,0.0031,4.57E-11,1968222
rs2408225,C,T,-0.019203207,0.447,5,124926358,0.0029,2.27E-11,1841359
rs2418449,C,T,-0.023903424,0.282,9,116969080,0.0031,8.14E-15,1961445
rs2492051,T,C,-0.019600848,0.293,9,125078442,0.0031,1.44E-10,2000702
rs2522832,G,A,0.019998687,0.471,7,82821048,0.0028,5.74E-13,2000702
rs2551774,A,G,0.019998687,0.401,7,135434669,0.0028,1.69E-12,2000702
rs263130,G,A,0.017702384,0.448,6,142607158,0.0028,2.67E-10,2000702
rs2680293,C,G,0.018998382,0.339,11,29753620,0.0032,2.57E-09,1489690
rs2740760,A,G,0.015499263,0.43,17,48566027,0.0028,3.68E-08,2000702
rs2744475,G,C,0.020802128,0.297,6,50817167,0.0033,2.58E-10,1658284
rs2756119,A,G,-0.023196982,0.375,14,103535180,0.0031,7.94E-14,1968222
rs28680958,A,G,-0.02210247,0.208,1,173879670,0.0035,2.59E-10,1841359
rs28711200,T,G,0.018095288,0.506,16,60696378,0.0028,1.90E-10,1841359
rs2894699,T,C,-0.02200024,0.429,7,114419101,0.0029,2.21E-14,1841359
rs2926863,T,C,-0.024302939,0.167,5,153833272,0.0037,5.99E-11,2000702
rs2947144,C,G,0.019096496,0.266,12,84230448,0.0032,3.13E-09,1841359
rs2963662,T,C,-0.020804929,0.269,5,176423819,0.0034,1.58E-09,1625804
rs301806,C,T,0.018301501,0.425,1,8422018,0.0029,2.64E-10,1841359
rs314690,T,C,-0.019203207,0.343,13,79434822,0.0031,6.80E-10,1964429
rs34273179,G,A,-0.026302908,0.103,5,107707367,0.0047,2.88E-08,1968222
rs35277073,G,C,-0.032595508,0.356,11,113479898,0.003,2.23E-27,1785058
rs35625885,G,A,0.027303835,0.123,15,96414739,0.0043,2.19E-10,2000702
rs35734493,G,T,-0.019702832,0.245,3,77197793,0.0032,1.04E-09,2000702
rs358667,C,T,-0.017604046,0.301,5,144498193,0.0031,8.12E-09,1961445
rs386409,C,T,-0.019101273,0.271,6,63911976,0.0031,1.00E-09,2000702
rs389265,T,C,-0.02290022,0.257,17,33215473,0.0034,9.89E-12,2000702
rs4044321,A,G,0.021702782,0.354,5,167562508,0.003,1.07E-12,2000702
rs4242242,A,G,-0.016200523,0.419,5,93183681,0.0029,3.12E-08,2000702
rs4259386,G,T,-0.01899935,0.289,8,128802499,0.0034,1.48E-08,1808879
rs4442466,C,T,0.017201207,0.425,10,1761331,0.003,1.14E-08,1968222
rs4483247,G,A,0.029102387,0.179,9,37045828,0.0037,4.73E-15,1968222
rs4510551,T,C,0.027303835,0.348,5,104393561,0.0029,9.48E-21,2000702
rs4532156,T,C,-0.019101273,0.29,3,18741984,0.0031,6.76E-10,2000702
rs45534736,G,C,-0.040697002,0.0516,4,122467738,0.0062,5.98E-11,2000702
rs4617121,A,G,-0.018102873,0.337,8,93575438,0.0031,4.08E-09,2000702
rs4653218,T,C,0.021399391,0.428,1,36731718,0.0028,3.18E-14,2000702
rs4702,G,A,0.023003382,0.445,15,90883330,0.0029,8.39E-16,1961562
rs478048,A,G,-0.016098895,0.371,11,83613277,0.0029,2.05E-08,2000702
rs4799088,G,A,0.020900064,0.288,18,79813548,0.0031,1.31E-11,1968222
rs4948485,A,G,0.017397777,0.337,10,61886650,0.0031,1.93E-08,1968222
rs4980365,T,G,-0.022695608,0.251,6,17028442,0.0033,1.27E-11,1752578
rs504122,A,G,-0.019101273,0.349,13,80337390,0.0029,4.45E-11,2000702
rs556798,G,A,0.017702384,0.347,4,17257478,0.0031,1.24E-08,1968222
rs60054606,T,C,0.017299497,0.322,19,47261106,0.0031,3.25E-08,2000702
rs6063085,C,A,-0.021499466,0.371,20,47211814,0.0032,1.16E-11,1841359
rs612823,C,T,-0.01899935,0.408,11,133964209,0.0029,7.47E-11,1968222
rs61785503,T,C,0.023804413,0.227,1,49992771,0.0035,1.31E-11,2000702
rs61881745,C,T,0.022397297,0.162,11,16269667,0.0038,4.68E-09,2000702
rs61904960,T,C,0.023804413,0.137,11,113611150,0.004,4.11E-09,2000702
rs61943397,G,A,0.023003382,0.162,12,118390996,0.0039,4.19E-09,1873928
rs62034140,A,G,0.017604134,0.306,16,54098083,0.0032,3.28E-08,2000702
rs62264868,T,C,0.023599332,0.179,3,115268797,0.0037,2.34E-10,1968222
rs62460266,C,T,0.016699779,0.414,7,68941058,0.003,2.39E-08,1961562
rs628720,C,T,-0.018204705,0.356,1,241642887,0.0032,1.21E-08,1968222
rs6426935,G,A,0.018399683,0.28,1,154783163,0.0031,3.61E-09,2000702
rs6430030,C,T,0.015902876,0.435,2,143408954,0.0028,1.67E-08,2000702
rs6487370,T,C,-0.023299334,0.339,12,24017434,0.0031,2.68E-14,2000702
rs6697431,T,C,-0.019498873,0.469,1,226827497,0.0028,3.14E-12,2000702
rs6732205,T,C,-0.019294956,0.223,2,40405291,0.0035,2.70E-08,1785058
rs6737187,A,G,-0.01899935,0.293,2,225495701,0.003,3.69E-10,2000702
rs67958427,C,T,-0.019101273,0.299,14,33309041,0.0032,3.25E-09,2000702
rs682290,C,T,-0.020304753,0.321,11,88882499,0.0031,4.98E-11,1785058
rs6863440,C,G,0.023902056,0.299,5,120748926,0.003,4.08E-15,2000702
rs6925661,C,T,-0.02220471,0.264,6,40027324,0.0033,1.67E-11,2000702
rs6927047,A,G,-0.016596971,0.414,6,130824962,0.003,2.06E-08,2000702
rs6942750,T,C,-0.031397792,0.0694,7,70744957,0.0057,4.13E-08,1489690
rs7008736,G,C,-0.01939691,0.302,8,64630844,0.003,1.43E-10,2000702
rs7023933,T,A,0.030897711,0.168,9,93463196,0.0039,2.24E-15,1489690
rs7083196,C,T,0.018399683,0.41,10,133141247,0.0029,4.53E-10,1961562
rs7127383,C,T,-0.024600117,0.397,11,28570040,0.003,5.12E-16,1968222
rs7135240,A,G,0.017397777,0.496,12,103141242,0.0029,2.33E-09,1478874
rs7147873,T,C,0.016699779,0.47,14,46806073,0.0029,9.99E-09,2000702
rs7174069,T,C,0.025199801,0.207,15,66101268,0.0035,9.92E-13,1928965
rs72820274,A,G,0.018497855,0.417,2,103796466,0.0028,6.59E-11,1968222
rs72881281,G,A,-0.033298285,0.0627,2,50165800,0.006,2.33E-08,1489690
rs72931605,C,T,0.022299507,0.166,2,211829050,0.0038,3.70E-09,2000702
rs73046339,A,G,-0.031201751,0.205,7,1849664,0.0034,1.36E-19,2000702
rs73046641,C,G,0.019900662,0.283,7,3322598,0.0031,1.11E-10,2000702
rs7461469,T,C,0.018095288,0.312,8,3470743,0.0032,1.44E-08,1457210
rs74894820,C,A,0.069498077,0.0196,10,113192688,0.0105,4.38E-11,2000702
rs74927570,G,T,0.020498464,0.191,15,63510098,0.0036,7.68E-09,2000702
rs76615912,A,G,-0.035803359,0.0596,8,59603844,0.0059,1.56E-09,2000702
rs76784355,A,G,0.020802128,0.227,6,164660264,0.0033,2.93E-10,2000702
rs7685686,G,A,-0.015804232,0.43,4,3205415,0.0028,1.71E-08,2000702
rs7698089,T,C,0.021898469,0.462,4,139989694,0.0028,2.73E-15,2000702
rs7716437,C,A,-0.019294956,0.216,5,7401153,0.0034,1.32E-08,2000702
rs77392446,A,G,-0.015997277,0.42,8,91650016,0.0029,2.53E-08,1841359
rs780024,A,T,0.021203606,0.346,2,124295419,0.003,7.27E-13,1968222
rs78944362,T,C,0.034797484,0.0637,1,181622620,0.0057,1.01E-09,2000702
rs7930907,A,G,0.021203606,0.173,11,73598376,0.0037,7.55E-09,2000702
rs7962128,A,G,0.017800625,0.455,12,121469533,0.003,1.92E-09,2000702
rs7973992,C,T,-0.01789924,0.417,12,38774431,0.003,2.26E-09,2000702
rs8081517,T,A,0.022103899,0.207,17,67849581,0.0034,1.06E-10,2000702
rs8129315,A,G,-0.019203207,0.38,21,45078948,0.003,9.98E-11,1808879
rs865020,G,A,0.016503072,0.475,4,101398129,0.003,2.90E-08,1968222
rs875519,C,T,0.017201207,0.327,20,32503432,0.003,1.27E-08,1968222
rs884285,T,C,0.02059643,0.334,18,55066674,0.0031,3.35E-11,2000702
rs9074,A,G,0.026495864,0.265,20,46060026,0.0031,2.38E-17,2000702
rs925499,T,C,-0.018102873,0.332,8,138350829,0.0032,1.40E-08,1968222
rs9301872,C,T,0.021399391,0.225,13,93360045,0.0033,1.41E-10,1961445
rs9322213,C,T,0.020997991,0.501,6,100800604,0.0028,3.46E-14,2000702
rs9324851,T,C,0.0161981,0.496,5,141504960,0.0029,2.49E-08,1489690
rs9350182,G,A,-0.017400515,0.262,6,19780648,0.0032,3.33E-08,2000702
rs9377381,G,T,0.017496048,0.459,6,102698199,0.0031,1.19E-08,1968222
rs9479138,T,G,0.02940345,0.354,6,151894064,0.003,3.82E-23,1968222
rs9538492,C,T,-0.023596214,0.278,13,59654524,0.0034,4.45E-12,2000702
rs9540742,T,G,0.016503072,0.386,13,66414454,0.0029,8.71E-09,2000702
rs957906,G,T,0.02059643,0.213,6,162548892,0.0037,2.54E-08,1873928
rs9586,C,T,0.030199374,0.224,3,49176204,0.0034,3.24E-19,1928965
rs9627391,T,C,-0.01789924,0.326,22,46051217,0.0031,5.20E-09,1950409
rs9653302,G,A,-0.018001051,0.319,2,183619108,0.0033,4.18E-08,1489690
rs9671376,T,C,0.019802627,0.228,14,102903826,0.0033,2.33E-09,1968222
rs9842435,A,G,-0.025697367,0.136,3,117798492,0.0042,5.82E-10,2000702
rs9855433,A,C,-0.018500076,0.4,3,44426573,0.003,6.03E-10,1841359
rs9908995,G,A,-0.017095295,0.388,17,8184035,0.0029,4.16E-09,1968222
rs992731,A,T,-0.017197025,0.376,4,89996702,0.0031,4.44E-08,1594840
rs9964679,A,G,0.020498464,0.319,18,28989937,0.0031,4.36E-11,1752578
